City_ID,City,Country,Lat,Lng,Max Temp,Humidity,Cloudiness,Wind Speed,Current Description
0,Jiexiu,CN,37.0244,111.9125,67.21,37,9,2.08,clear sky
1,Castro,BR,-24.7911,-50.0119,67.69,76,100,7.9,overcast clouds
2,Tuktoyaktuk,CA,69.4541,-133.0374,34.25,74,8,11.25,clear sky
3,Esperance,AU,-33.8667,121.9,56.08,61,100,3.71,overcast clouds
4,Ushuaia,AR,-54.8,-68.3,38.82,75,20,5.75,few clouds
5,Churapcha,RU,62.0025,132.4325,59.67,66,11,2.17,few clouds
6,Cherskiy,RU,68.75,161.3,37.44,60,26,10.2,scattered clouds
7,Qaanaaq,GL,77.484,-69.3632,30.83,87,100,4.45,light snow
8,Hilo,US,19.7297,-155.09,89.28,75,1,5.99,clear sky
9,Severo-Kurilsk,RU,50.6789,156.125,43.43,88,100,5.37,overcast clouds
10,Mataura,NZ,-46.1927,168.8643,44.01,83,100,4.79,overcast clouds
11,Anito,PH,12.4497,125.2886,76.84,91,19,4.29,light rain
12,Pokaran,IN,26.9167,71.9167,91.42,24,0,21.07,clear sky
13,Puerto Ayora,EC,-0.7393,-90.3518,74.55,91,99,5.01,overcast clouds
14,Atuona,PF,-9.8,-139.0333,78.03,74,11,14.94,few clouds
15,Jerantut,MY,3.936,102.3626,73.31,98,93,0.18,overcast clouds
16,Mahebourg,MU,-20.4081,57.7,71.26,78,4,13.42,clear sky
17,Namibe,AO,-15.1961,12.1522,73.89,60,8,3.6,clear sky
18,Kodiak,US,57.79,-152.4072,51.4,85,78,7.18,broken clouds
19,Adeje,ES,28.1227,-16.726,71.17,67,20,25.32,few clouds
20,Mar Del Plata,AR,-38.0023,-57.5575,64.42,48,0,9.22,clear sky
21,Lima,PE,-12.0432,-77.0282,61.05,82,100,5.75,overcast clouds
22,Mbigou,GA,-1.9005,11.906,68.02,97,89,3.6,moderate rain
23,Albany,US,42.6001,-73.9662,80.64,38,100,2.93,overcast clouds
24,Sitka,US,57.0531,-135.33,53.49,76,100,9.22,light rain
25,Dikson,RU,73.5069,80.5464,29.8,97,100,13.94,light snow
26,Butaritari,KI,3.0707,172.7902,80.55,79,8,13.53,light rain
27,Rikitea,PF,-23.1203,-134.9692,72.41,70,87,18.25,overcast clouds
28,Inongo,CD,-1.95,18.2667,76.17,62,99,0.6,overcast clouds
29,Upernavik,GL,72.7868,-56.1549,32.07,76,0,12.1,clear sky
30,Vaini,TO,-21.2,-175.2,73.58,68,5,14.81,clear sky
31,Punta Arenas,CL,-53.15,-70.9167,37.42,93,75,14.97,light intensity shower rain
32,Barrow,US,71.2906,-156.7887,30.97,83,14,15.82,few clouds
33,Itarema,BR,-2.9248,-39.9167,82.38,76,13,6.51,few clouds
34,Lichinga,MZ,-13.3128,35.2406,50.52,97,65,1.25,broken clouds
35,Machilipatnam,IN,16.1667,81.1333,87.37,58,100,11.83,overcast clouds
36,Chokurdakh,RU,70.6333,147.9167,37.85,69,22,12.93,few clouds
37,Marondera,ZW,-18.1853,31.5519,45.61,95,8,10.56,clear sky
38,Jamestown,US,42.097,-79.2353,80.02,36,100,7.0,overcast clouds
39,Honningsvag,NO,70.9821,25.9704,49.75,53,77,12.66,broken clouds
40,Saint-Leu,RE,-21.15,55.2833,72.46,72,33,9.84,scattered clouds
41,Hithadhoo,MV,-0.6,73.0833,82.27,73,97,2.59,overcast clouds
42,Nikolskoye,RU,59.7035,30.7861,55.29,72,33,4.14,scattered clouds
43,Lorengau,PG,-2.0226,147.2712,80.51,79,99,5.12,overcast clouds
44,Saint-Philippe,RE,-21.3585,55.7679,72.99,79,20,7.74,few clouds
45,Gazanjyk,TM,39.2446,55.5154,90.73,9,8,10.31,clear sky
46,Koson,UZ,39.0375,65.585,82.72,22,0,9.55,clear sky
47,Pisco,PE,-13.7,-76.2167,70.02,76,12,6.38,few clouds
48,Norman Wells,CA,65.282,-126.8329,59.67,47,44,4.54,scattered clouds
49,Cabo San Lucas,MX,22.8909,-109.9124,91.62,58,6,7.83,clear sky
50,Celestun,MX,20.8667,-90.4,86.99,65,30,10.31,scattered clouds
51,Souillac,MU,-20.5167,57.5167,71.98,83,20,2.3,few clouds
52,Port Alfred,ZA,-33.5906,26.891,66.65,41,0,5.32,clear sky
53,Andenes,NO,69.3143,16.1194,46.38,71,75,26.46,moderate rain
54,Havelock,US,34.8791,-76.9013,83.01,59,0,5.01,clear sky
55,Seoul,KR,37.5683,126.9778,58.44,66,38,5.26,scattered clouds
56,Dingle,PH,10.9995,122.6711,76.26,88,52,3.24,broken clouds
57,Erzincan,TR,39.75,39.5,62.53,51,14,5.97,few clouds
58,Isangel,VU,-19.55,169.2667,68.11,88,2,3.44,clear sky
59,Khatanga,RU,71.9667,102.5,37.26,86,28,5.41,scattered clouds
60,Nioro,GM,13.35,-15.75,83.21,65,58,17.94,light rain
61,Coquimbo,CL,-29.9533,-71.3436,63.61,57,0,7.65,clear sky
62,Provideniya,RU,64.3833,-173.3,45.9,59,52,1.7,broken clouds
63,Hobart,AU,-42.8794,147.3294,41.05,83,40,11.5,scattered clouds
64,West Wendover,US,40.7391,-114.0733,70.99,24,1,3.31,clear sky
65,Hermanus,ZA,-34.4187,19.2345,64.98,43,13,8.79,few clouds
66,Cidreira,BR,-30.1811,-50.2056,66.4,93,100,4.45,moderate rain
67,Karratha,AU,-20.7377,116.8463,68.23,52,3,14.25,clear sky
68,Beringovskiy,RU,63.05,179.3167,37.74,92,100,7.0,overcast clouds
69,Grand Island,US,40.925,-98.342,79.38,62,75,5.75,broken clouds
70,Guerrero Negro,MX,27.9769,-114.0611,70.21,68,46,18.84,scattered clouds
71,Torbay,CA,47.6666,-52.7314,58.75,65,46,3.0,scattered clouds
72,Lompoc,US,34.6391,-120.4579,75.34,74,75,21.0,mist
73,Flinders,AU,-34.5833,150.8552,52.38,65,0,14.0,clear sky
74,Yulara,AU,-25.2406,130.9889,47.82,59,92,10.71,overcast clouds
75,Port Macquarie,AU,-31.4333,152.9167,43.9,76,0,8.16,clear sky
76,Murgab,TM,37.4966,61.9714,81.88,12,0,7.83,clear sky
77,Gushikawa,JP,26.3544,127.8686,73.4,94,75,5.75,mist
78,Kaitangata,NZ,-46.2817,169.8464,47.89,72,100,5.44,overcast clouds
79,Manakara,MG,-22.1333,48.0167,69.4,85,96,6.46,moderate rain
80,Fayaoue,NC,-20.65,166.5333,75.9,72,29,10.27,scattered clouds
81,Tasiilaq,GL,65.6145,-37.6368,41.16,66,100,3.18,overcast clouds
82,Ust-Donetskiy,RU,47.6419,40.8718,61.18,71,41,7.36,scattered clouds
83,Lebu,CL,-37.6167,-73.65,54.07,79,98,14.99,overcast clouds
84,Algiers,DZ,36.7525,3.042,73.22,78,75,8.05,broken clouds
85,Ribeira Grande,PT,38.5167,-28.7,66.6,94,75,13.8,broken clouds
86,Fukue,JP,32.6881,128.8419,67.39,80,49,11.9,scattered clouds
87,Cape Town,ZA,-33.9258,18.4232,67.91,41,0,3.44,clear sky
88,Olinda,BR,-8.0089,-34.8553,74.93,94,100,11.5,mist
89,Kapaa,US,22.0752,-159.319,78.12,83,40,9.22,scattered clouds
90,Kashira,RU,54.8444,38.1669,58.33,73,100,8.5,overcast clouds
91,Enumclaw,US,47.2043,-121.9915,61.75,72,96,5.75,overcast clouds
92,Namtsy,RU,62.7161,129.6658,60.84,66,64,1.36,broken clouds
93,Sinnamary,GF,5.3833,-52.95,79.81,82,100,7.38,overcast clouds
94,Bluff,NZ,-46.6,168.3333,49.06,73,100,14.2,overcast clouds
95,Qandala,SO,11.472,49.8728,89.46,48,68,6.64,broken clouds
96,East London,ZA,-33.0153,27.9116,67.14,59,0,6.91,clear sky
97,Adrar,MR,20.5022,-10.0711,102.07,8,100,15.08,overcast clouds
98,Sept-Iles,CA,50.2001,-66.3821,62.06,61,29,4.0,scattered clouds
99,Port Hardy,CA,50.6996,-127.4199,52.59,84,100,8.97,overcast clouds
100,Moanda,GA,-1.5575,13.2178,73.2,88,74,0.31,light rain
101,Georgetown,MY,5.4112,100.3354,78.73,89,40,4.61,thunderstorm with light rain
102,Chapais,CA,49.7834,-74.8492,62.37,57,100,2.57,overcast clouds
103,Kavieng,PG,-2.5744,150.7967,81.41,78,28,9.66,light rain
104,Fairbanks,US,64.8378,-147.7164,69.03,33,11,1.01,few clouds
105,Bethel,US,41.3712,-73.414,84.18,40,22,3.0,few clouds
106,Touros,BR,-5.1989,-35.4608,81.54,72,3,12.86,clear sky
107,Gobabis,NA,-22.45,18.9667,51.93,40,0,11.68,clear sky
108,Rock Sound,BS,24.9,-76.2,75.63,92,100,10.22,overcast clouds
109,Avarua,CK,-21.2078,-159.775,78.85,83,75,8.05,broken clouds
110,Goiatuba,BR,-18.0125,-49.3547,83.37,25,7,5.86,clear sky
111,Ramsar,IR,36.9226,50.6426,78.4,67,4,4.18,clear sky
112,Necochea,AR,-38.5473,-58.7368,62.6,51,1,8.9,clear sky
113,Panama City,PA,8.9936,-79.5197,86.38,77,40,11.5,scattered clouds
114,Katsuura,JP,35.1333,140.3,63.63,91,100,16.28,overcast clouds
115,Tagusao,PH,9.1924,117.8141,79.21,83,100,3.58,overcast clouds
116,Kudahuvadhoo,MV,2.6708,72.8944,82.67,73,88,7.67,overcast clouds
117,Gat,IL,31.61,34.7642,76.41,100,10,4.7,clear sky
118,Tocache,PE,-8.1842,-76.5125,88.16,49,37,0.85,scattered clouds
119,Hokitika,NZ,-42.7167,170.9667,51.78,84,100,6.15,light rain
120,Kisangani,CD,0.5167,25.2,76.51,71,96,2.24,overcast clouds
121,Rojhan,PK,28.6868,69.9534,96.69,22,0,16.73,clear sky
122,Bilibino,RU,68.0546,166.4372,35.64,61,84,6.53,broken clouds
123,Saint George,US,37.1041,-113.5841,95.79,16,0,8.05,clear sky
124,Mabaruma,GY,8.2,-59.7833,72.14,99,100,4.27,overcast clouds
125,Kahului,US,20.8947,-156.47,84.22,67,0,17.27,clear sky
126,Nouadhibou,MR,20.931,-17.0347,73.38,68,40,16.11,sand
127,Fuyang,CN,32.9,115.8167,70.59,54,1,10.58,clear sky
128,Vestmannaeyjar,IS,63.4427,-20.2734,50.99,93,100,16.11,mist
129,Kloulklubed,PW,7.0419,134.2556,82.72,72,100,3.0,overcast clouds
130,Luderitz,NA,-26.6481,15.1594,67.44,38,0,6.22,clear sky
131,Padang,ID,-0.9492,100.3543,75.25,87,100,3.51,overcast clouds
132,Udachnyy,RU,66.4167,112.4,43.12,86,100,3.85,overcast clouds
133,Bubaque,GW,11.2833,-15.8333,81.01,82,100,17.2,overcast clouds
134,Maniwaki,CA,46.3834,-75.966,69.67,47,100,6.22,overcast clouds
135,Iqaluit,CA,63.7506,-68.5145,49.69,57,100,18.01,overcast clouds
136,Vardo,NO,70.3705,31.1107,44.58,81,0,3.44,clear sky
137,Alice Springs,AU,-23.7,133.8833,42.35,100,100,0.0,overcast clouds
138,Nantucket,US,41.2835,-70.0995,71.71,62,0,8.05,clear sky
139,Kununurra,AU,-15.7667,128.7333,80.58,61,88,5.75,overcast clouds
140,Anloga,GH,5.7947,0.8973,80.49,74,70,7.45,light rain
141,Chuy,UY,-33.6971,-53.4616,57.85,77,100,7.29,overcast clouds
142,Cachoeira Do Sul,BR,-30.0392,-52.8939,63.91,98,100,2.53,light rain
143,Hirara,JP,24.8,125.2833,80.01,81,100,4.21,heavy intensity rain
144,Teknaf,BD,20.8624,92.3058,79.92,87,25,1.7,scattered clouds
145,Arraial Do Cabo,BR,-22.9661,-42.0278,76.86,47,0,18.41,clear sky
146,Kaeo,NZ,-35.1,173.7833,52.32,96,99,5.19,overcast clouds
147,Tandil,AR,-37.3217,-59.1332,64.69,41,85,4.88,overcast clouds
148,Imbituba,BR,-28.24,-48.6703,65.08,99,100,3.0,moderate rain
149,Ponta Do Sol,PT,32.6667,-17.1,75.0,81,79,1.07,broken clouds
150,Saskylakh,RU,71.9167,114.0833,35.53,77,11,4.43,few clouds
151,Vieksniai,LT,56.2333,22.5167,59.97,85,100,7.09,overcast clouds
152,Nanortalik,GL,60.1432,-45.2371,41.34,77,100,3.13,overcast clouds
153,Busselton,AU,-33.65,115.3333,51.01,71,0,12.75,clear sky
154,San Patricio,US,28.017,-97.5169,95.72,38,0,20.09,clear sky
155,San Lorenzo,PY,-25.3333,-57.5333,70.74,78,100,9.22,overcast clouds
156,Lodwar,KE,3.1191,35.5973,89.19,31,99,6.29,overcast clouds
157,Fortuna,US,40.5982,-124.1573,62.92,79,100,10.36,overcast clouds
158,Albania,AL,41.0,20.0,74.75,62,0,0.56,clear sky
159,Maldonado,UY,-34.6667,-54.9167,54.79,73,100,4.7,overcast clouds
160,Bom Jesus Da Lapa,BR,-13.255,-43.4181,87.89,19,6,6.33,clear sky
161,Buala,SB,-8.145,159.5921,78.91,84,45,7.9,scattered clouds
162,Los Llanos De Aridane,ES,28.6585,-17.9182,70.12,74,40,18.41,scattered clouds
163,Homer,US,59.6425,-151.5483,58.77,84,86,3.0,overcast clouds
164,Broken Hill,AU,-31.95,141.4333,44.62,81,7,10.38,clear sky
165,Flin Flon,CA,54.7682,-101.865,66.9,37,93,4.97,overcast clouds
166,San Quintin,MX,30.4833,-115.95,69.91,71,5,18.21,clear sky
167,Hasaki,JP,35.7333,140.8333,63.28,88,100,17.96,overcast clouds
168,Bredasdorp,ZA,-34.5322,20.0403,59.94,41,8,3.22,clear sky
169,New Norfolk,AU,-42.7826,147.0587,40.71,87,22,1.01,few clouds
170,Laguna,US,38.421,-121.4238,81.18,43,0,3.0,clear sky
171,Nadym,RU,65.5333,72.5167,39.47,72,53,7.23,broken clouds
172,Camopi,GF,3.1655,-52.3158,78.69,95,100,3.2,heavy intensity rain
173,Aksu,CN,41.1231,80.2644,69.46,28,3,1.81,clear sky
174,Belaya Gora,RU,68.5333,146.4167,48.38,51,8,12.75,clear sky
175,Ancud,CL,-41.8697,-73.8203,49.96,98,100,3.4,moderate rain
176,Airai,TL,-8.9266,125.4092,57.69,91,54,2.73,broken clouds
177,Vao,NC,-22.6667,167.4833,72.88,74,91,6.69,overcast clouds
178,Tiksi,RU,71.6872,128.8694,37.54,96,100,3.74,overcast clouds
179,Oistins,BB,13.0667,-59.5333,86.09,70,40,24.16,scattered clouds
180,Hilton Head Island,US,32.2163,-80.7526,84.0,77,20,8.05,few clouds
181,Challans,FR,46.8436,-1.8749,61.97,90,100,15.23,light rain
182,Yellowknife,CA,62.456,-114.3525,69.57,35,100,5.99,overcast clouds
183,Kidal,ML,18.4411,1.4078,96.46,20,1,7.94,clear sky
184,Jaguaribe,BR,-5.8906,-38.6219,81.28,66,51,8.9,broken clouds
185,Panaba,MX,21.2833,-88.2667,95.65,41,81,2.33,broken clouds
186,Baijiantan,CN,45.6333,85.1833,70.52,23,68,6.06,broken clouds
187,Nuevo Progreso,MX,23.1667,-97.95,92.89,44,2,5.99,clear sky
188,Thompson,CA,55.7435,-97.8558,65.07,19,0,8.16,clear sky
189,Lavrentiya,RU,65.5833,-171.0,40.08,68,97,1.72,overcast clouds
190,Bathsheba,BB,13.2167,-59.5167,86.61,70,40,24.16,scattered clouds
191,Cayenne,GF,4.9333,-52.3333,77.04,1,100,4.61,overcast clouds
192,Half Moon Bay,US,37.4636,-122.4286,78.91,65,20,17.27,few clouds
193,Bintulu,MY,3.1667,113.0333,76.32,86,100,3.06,overcast clouds
194,Klaksvik,FO,62.2266,-6.589,54.52,93,33,8.34,scattered clouds
195,Semme,FR,46.1963,1.5007,61.21,92,98,2.66,overcast clouds
196,Nhulunbuy,AU,-12.2333,136.7667,75.81,94,99,6.91,overcast clouds
197,Sorland,NO,67.667,12.6934,44.46,80,15,27.78,few clouds
198,Hovd,MN,48.0056,91.6419,51.8,40,100,3.36,overcast clouds
199,Dunedin,NZ,-45.8742,170.5036,49.8,70,100,8.99,overcast clouds
200,Cajnice,BA,43.5575,19.0711,59.07,96,11,1.81,few clouds
201,Alekseyevsk,RU,57.8406,108.3492,54.23,74,9,3.02,clear sky
202,Port Elizabeth,ZA,-33.918,25.5701,58.32,61,6,1.99,clear sky
203,Pita,GN,10.8333,-12.5833,72.88,95,100,2.13,moderate rain
204,Dipalpur,PK,30.6709,73.6529,98.38,11,0,4.74,clear sky
205,Kawalu,ID,-7.3817,108.2082,71.19,95,94,0.2,overcast clouds
206,Pimentel,PE,-6.8367,-79.9342,70.09,64,100,9.22,overcast clouds
207,Farafangana,MG,-22.8167,47.8333,69.33,86,36,8.77,moderate rain
208,Ketchikan,US,55.3422,-131.6461,54.07,76,100,4.61,overcast clouds
209,Aquiraz,BR,-3.9014,-38.3911,86.45,74,13,8.37,few clouds
210,Mangalia,RO,43.8,28.5833,62.64,89,21,10.09,few clouds
211,Semporna,MY,4.4818,118.6112,79.38,78,82,2.28,broken clouds
212,Nishihara,JP,26.1842,127.7558,73.45,94,100,9.22,moderate rain
213,Bani Walid,LY,31.7566,13.9942,87.13,22,0,9.98,clear sky
214,Petropavlovsk-Kamchatskiy,RU,53.0452,158.6483,41.59,87,100,2.24,overcast clouds
215,Tura,IN,25.5198,90.2201,73.45,96,100,5.46,moderate rain
216,Mayo,US,38.8876,-76.5119,84.36,41,0,9.22,clear sky
217,Yarada,IN,17.65,83.2667,79.12,94,75,2.3,mist
218,Quatre Cocos,MU,-20.2078,57.7625,71.1,78,4,13.11,clear sky
219,Sioux Lookout,CA,50.1001,-91.917,62.67,48,75,6.91,broken clouds
220,Namatanai,PG,-3.6667,152.4333,78.35,84,39,6.85,scattered clouds
221,Victoria,HK,22.2855,114.1577,84.38,87,100,8.99,light rain
222,Krasnoselkup,RU,65.7,82.4667,36.23,52,95,4.47,overcast clouds
223,Ulaanbaatar,MN,47.9077,106.8832,55.53,54,75,17.9,light rain
224,San Rafael,AR,-34.6177,-68.3301,70.48,16,11,7.81,few clouds
225,Westport,US,41.1415,-73.3579,84.43,37,0,6.91,clear sky
226,Inhambane,MZ,-23.865,35.3833,70.2,64,100,14.14,overcast clouds
227,Prince Rupert,CA,54.3161,-130.3201,55.6,73,100,5.59,overcast clouds
228,San Carlos De Bariloche,AR,-41.1456,-71.3082,45.45,53,100,21.85,heavy intensity rain
229,Ouadda,CF,8.0777,22.4007,66.47,97,100,6.91,heavy intensity rain
230,Machiques,VE,10.0644,-72.545,90.75,55,26,4.25,scattered clouds
231,Alexandria,EG,31.2156,29.9553,76.15,68,0,7.09,clear sky
232,Henties Bay,NA,-22.116,14.2845,70.86,42,0,10.31,clear sky
233,Longyearbyen,SJ,78.2186,15.6401,46.24,61,75,13.8,broken clouds
234,Tautira,PF,-17.7333,-149.15,79.88,71,48,19.33,scattered clouds
235,Talnakh,RU,69.4865,88.3972,34.11,62,59,5.3,broken clouds
236,Hopelchen,MX,19.7667,-89.85,95.79,38,100,2.59,overcast clouds
237,Sola,VU,-13.8833,167.55,80.28,78,21,19.82,few clouds
238,Mafeteng,LS,-29.823,27.2374,46.4,53,0,2.68,clear sky
239,Carnarvon,AU,-24.8667,113.6333,69.82,53,0,4.97,clear sky
240,Lagoa,PT,39.05,-27.9833,65.03,93,90,21.72,overcast clouds
241,Panguipulli,CL,-39.6333,-72.3333,50.47,96,100,7.43,overcast clouds
242,Goderich,CA,43.7501,-81.7165,57.25,93,100,10.49,light rain
243,Maymyo,MM,22.0333,96.4667,67.84,87,100,2.13,overcast clouds
244,Virginia Beach,US,36.8529,-75.978,82.45,61,0,12.66,clear sky
245,Alpena,US,45.0617,-83.4327,53.92,97,100,6.91,overcast clouds
246,Cosmopolis,BR,-22.6458,-47.1961,77.88,49,68,5.97,broken clouds
247,Hendek,TR,40.7994,30.7481,60.66,96,39,0.49,scattered clouds
248,Tabuk,PH,17.4189,121.4443,74.32,88,98,2.19,overcast clouds
249,Nouakchott,MR,18.0858,-15.9785,78.73,68,60,12.73,broken clouds
250,Wattens,AT,47.2722,11.5993,64.99,89,75,3.44,broken clouds
251,Macon,US,39.8667,-88.9668,80.26,73,20,11.5,few clouds
252,Saldanha,ZA,-33.0117,17.9442,67.39,39,39,8.16,scattered clouds
253,Aykhal,RU,66.0,111.5,40.23,94,21,4.45,few clouds
254,Sabha,LY,27.0377,14.4283,87.96,16,0,7.87,clear sky
255,Novikovo,RU,51.1537,37.8879,57.18,88,7,4.54,clear sky
256,Naze,JP,28.3667,129.4833,68.49,81,73,4.18,broken clouds
257,Emba,KZ,48.8264,58.1442,79.07,23,99,18.3,overcast clouds
258,Constitucion,CL,-35.3333,-72.4167,57.9,80,50,5.66,scattered clouds
259,Luqiao,CN,28.5808,121.3772,74.01,95,84,3.91,broken clouds
260,Aswan,EG,24.0934,32.907,93.15,14,20,12.95,few clouds
261,Maridi,SS,4.9158,29.4742,68.27,89,99,2.44,light rain
262,Holesov,CZ,49.3333,17.5783,67.05,84,0,2.33,clear sky
263,Wisconsin Rapids,US,44.3836,-89.8174,67.28,79,100,8.05,overcast clouds
264,Broome,US,42.2506,-75.833,81.46,44,100,8.01,overcast clouds
265,Bambous Virieux,MU,-20.3428,57.7575,71.22,77,4,13.29,clear sky
266,Armizonskoye,RU,55.9461,67.6736,55.38,69,100,7.43,overcast clouds
267,Athabasca,CA,54.7169,-113.2854,64.18,52,100,10.11,overcast clouds
268,Jalingo,NG,8.8833,11.3667,79.16,75,95,3.58,light rain
269,Aitape,PG,-3.1374,142.3475,77.07,88,90,3.31,overcast clouds
270,Alyangula,AU,-13.8483,136.4192,77.13,86,15,11.21,few clouds
271,Dana Point,US,33.467,-117.6981,83.91,72,0,4.0,clear sky
272,Bereznik,RU,62.8551,42.7072,46.42,91,100,4.94,overcast clouds
273,Darhan,MN,49.4867,105.9228,58.95,61,100,1.7,overcast clouds
274,Kailua,US,21.4022,-157.7394,82.38,72,40,9.22,scattered clouds
275,Taquaritinga Do Norte,BR,-7.9031,-36.0442,68.34,89,88,11.45,overcast clouds
276,Mehamn,NO,71.0357,27.8492,44.51,60,13,14.63,few clouds
277,Eresos,GR,39.1667,25.9333,75.88,81,73,16.87,broken clouds
278,Biu,NG,10.6129,12.1946,79.29,55,78,1.68,broken clouds
279,Paracuru,BR,-3.41,-39.0306,84.11,75,54,10.96,broken clouds
280,Roald,NO,62.5833,6.1333,60.17,76,0,9.22,clear sky
281,Moss Vale,AU,-34.55,150.3833,44.33,79,52,14.97,broken clouds
282,Sakakah,SA,29.9697,40.2064,94.03,12,92,11.07,overcast clouds
283,Staryy Krym,UA,45.0333,35.1,62.74,74,100,4.16,overcast clouds
284,Toccoa,US,34.5773,-83.3324,85.28,58,75,4.61,broken clouds
285,Praia,CV,14.9215,-23.5087,79.34,65,20,14.97,few clouds
286,Impfondo,CG,1.6381,18.0667,72.55,93,89,3.4,light rain
287,Praia Da Vitoria,PT,38.7333,-27.0667,68.76,92,23,12.19,few clouds
288,Esmeraldas,BR,-19.7625,-44.3139,74.26,34,85,0.4,overcast clouds
289,Beaufort,MY,5.3473,115.7455,74.01,96,73,2.64,broken clouds
290,Puerto Ayacucho,VE,5.6639,-67.6236,86.72,60,38,2.59,scattered clouds
291,Vila Velha,BR,-20.3297,-40.2925,76.95,71,0,8.05,clear sky
292,Codrington,AU,-38.2667,141.9667,48.99,75,96,18.97,light rain
293,Guilin,CN,25.2819,110.2864,73.08,96,100,1.97,overcast clouds
294,Matay,EG,28.419,30.7792,88.59,27,54,10.07,broken clouds
295,Batman,TR,37.8874,41.1322,75.0,38,0,1.14,clear sky
296,Bonavista,CA,48.6499,-53.1147,42.85,80,47,10.33,scattered clouds
297,Salalah,OM,17.0151,54.0924,84.29,79,20,6.91,few clouds
298,North Bend,US,43.4065,-124.2243,64.92,81,20,10.36,few clouds
299,Faanui,PF,-16.4833,-151.75,80.55,73,11,20.49,light rain
300,San-Pedro,CI,4.7485,-6.6363,76.48,88,100,7.36,light rain
301,Guasdualito,VE,7.2424,-70.7324,85.51,61,98,5.26,overcast clouds
302,Mago,RU,53.2514,140.1822,53.42,75,57,1.63,broken clouds
303,Lata,PT,40.1629,-8.3327,67.77,80,93,7.45,overcast clouds
304,Dembi Dolo,ET,8.5333,34.8,58.12,77,92,4.25,overcast clouds
305,Clyde River,CA,70.4692,-68.5914,44.47,59,30,5.55,scattered clouds
306,Huarmey,PE,-10.0681,-78.1522,69.58,74,23,9.22,few clouds
307,Pevek,RU,69.7008,170.3133,33.48,80,94,4.59,overcast clouds
308,Kontagora,NG,10.3999,5.4695,79.11,58,14,2.84,few clouds
309,Ternate,ID,0.8,127.4,79.47,81,98,4.27,overcast clouds
310,Sao Felix Do Xingu,BR,-6.6447,-51.995,86.79,50,29,3.02,light rain
311,Vila,PT,42.0304,-8.1588,59.7,81,97,3.78,overcast clouds
312,San Cristobal,VE,7.7669,-72.225,80.78,45,30,7.05,scattered clouds
313,Sattahip,TH,12.6664,100.9007,85.17,94,40,0.0,scattered clouds
314,Sao Filipe,CV,14.8961,-24.4956,76.78,72,1,12.95,clear sky
315,Sompeta,IN,18.9333,84.6,82.08,83,100,13.98,overcast clouds
316,Sibolga,ID,1.7427,98.7792,75.0,92,98,2.89,overcast clouds
317,Ostrovnoy,RU,68.0531,39.5131,41.45,95,97,13.42,overcast clouds
318,Raudeberg,NO,61.9875,5.1352,59.67,70,12,18.75,few clouds
319,Tonekabon,IR,36.8163,50.8738,78.93,63,26,4.29,scattered clouds
320,Bengkulu,ID,-3.8004,102.2655,75.27,92,100,4.34,overcast clouds
321,Leningradskiy,RU,69.3833,178.4167,33.13,86,100,8.75,overcast clouds
322,Timmins,CA,48.4669,-81.3331,67.82,49,100,10.36,thunderstorm
323,The Valley,AI,18.217,-63.0578,86.14,70,20,18.41,few clouds
324,Ust-Kuyga,RU,70.0167,135.6,58.19,46,94,3.53,overcast clouds
325,Narsaq,GL,60.9167,-46.05,57.42,79,100,6.6,overcast clouds
326,Ilulissat,GL,69.2167,-51.1,41.02,45,20,17.27,few clouds
327,Svetlyy,RU,54.675,20.1347,66.25,80,100,5.7,overcast clouds
328,Boa Vista,BR,2.8197,-60.6733,82.38,69,40,5.75,scattered clouds
329,Cockburn Town,TC,21.4612,-71.1419,80.78,82,33,14.88,scattered clouds
330,Myitkyina,MM,25.3833,97.4,73.35,96,100,1.79,overcast clouds
331,Old Shinyanga,TZ,-3.55,33.4,69.1,63,33,8.46,scattered clouds
332,Chivacoa,VE,10.1603,-68.895,86.54,57,69,5.35,broken clouds
333,Yabelo,ET,4.8833,38.0833,62.01,76,100,5.84,light rain
334,Iranshahr,IR,27.2025,60.6848,89.6,15,0,5.82,clear sky
335,Inirida,CO,3.8653,-67.9239,81.81,79,88,3.04,overcast clouds
336,Jardim,BR,-21.4803,-56.1381,90.0,30,64,8.61,broken clouds
337,Tomatlan,MX,19.9333,-105.25,87.91,50,16,9.53,few clouds
338,Gorontalo,ID,0.5412,123.0595,74.17,95,86,2.64,overcast clouds
339,Nizhniye Sergi,RU,56.6614,59.3033,52.77,95,100,8.32,overcast clouds
340,Manta,EC,-0.95,-80.7333,78.58,73,75,8.05,broken clouds
341,Mwinilunga,ZM,-11.7358,24.4293,55.02,56,15,5.55,few clouds
342,Port Blair,IN,11.6667,92.75,82.2,79,100,18.43,light rain
343,Pacific Grove,US,36.6177,-121.9166,76.8,81,20,11.5,few clouds
344,Cravo Norte,CO,6.3017,-70.2041,84.52,68,53,4.85,broken clouds
345,Nabire,ID,-3.3667,135.4833,74.43,89,25,3.53,scattered clouds
346,Leshukonskoye,RU,64.8989,45.7622,54.75,83,87,5.77,overcast clouds
347,Grand-Santi,GF,4.25,-54.3833,78.62,95,94,3.31,overcast clouds
348,Tazovskiy,RU,67.4667,78.7,37.65,71,100,9.13,overcast clouds
349,Korla,CN,41.7597,86.1469,79.34,12,100,2.64,overcast clouds
350,Hualmay,PE,-11.0964,-77.6139,68.23,76,40,8.77,scattered clouds
351,Aripuana,BR,-9.1667,-60.6333,86.09,55,89,2.55,overcast clouds
352,Lebyazhye,RU,55.2689,66.4947,55.8,67,100,7.54,overcast clouds
353,Ginda,IN,30.6945,78.4932,67.1,30,0,6.87,clear sky
354,Lyubinskiy,RU,55.1542,72.6925,56.88,56,100,6.42,overcast clouds
355,Ma-Ao,PH,10.4923,122.992,76.48,90,57,3.47,broken clouds
356,Rayevskiy,RU,54.0658,54.9468,55.71,97,100,4.61,moderate rain
357,Salta,AR,-24.7859,-65.4117,68.58,47,6,7.0,clear sky
358,Belyy Yar,RU,53.6039,91.3903,40.89,68,0,0.0,clear sky
359,Lakes Entrance,AU,-37.8811,147.981,38.16,75,46,14.29,scattered clouds
360,Arman,RU,59.7,150.1667,52.02,85,100,8.05,light rain
361,Kalabo,ZM,-14.97,22.6814,59.52,47,100,7.31,overcast clouds
362,Port Hedland,AU,-20.3167,118.5667,60.85,67,5,5.75,clear sky
363,Nueva Imperial,CL,-38.7333,-72.95,54.25,78,100,5.99,light rain
364,Saint-Georges,GD,12.0564,-61.7485,85.68,74,20,17.27,few clouds
365,Coahuayana,MX,18.7333,-103.6833,87.22,58,81,7.02,broken clouds
366,Galle,LK,6.0367,80.217,78.48,87,100,9.98,overcast clouds
367,College,US,64.8569,-147.8028,70.47,32,20,5.75,few clouds
368,Tondano,ID,1.3038,124.9112,66.29,95,100,1.61,overcast clouds
369,Samarai,PG,-10.6167,150.6667,80.37,80,27,10.94,scattered clouds
370,Shengjin,AL,41.8136,19.5939,77.04,73,0,5.88,clear sky
371,Maunabo,PR,18.0072,-65.8993,92.28,76,98,13.04,overcast clouds
372,Kenai,US,60.5544,-151.2583,54.09,87,100,10.36,overcast clouds
373,Boshnyakovo,RU,49.6333,142.1667,43.95,80,28,3.78,scattered clouds
374,Victor Harbor,AU,-35.5667,138.6167,51.67,76,100,19.69,light rain
375,Labuhan,ID,-6.8844,112.2051,77.74,88,100,5.97,overcast clouds
376,Poya,NC,-21.35,165.15,69.58,83,100,4.18,overcast clouds
377,Nara,JP,34.6851,135.8049,63.91,79,82,7.23,broken clouds
378,Waipawa,NZ,-41.4122,175.5153,46.96,89,27,5.61,scattered clouds
379,Enid,US,36.3956,-97.8784,86.31,63,75,5.75,broken clouds
380,Deputatskiy,RU,69.3,139.9,47.41,47,10,5.39,clear sky
381,Ouahigouya,BF,13.5828,-2.4216,95.27,21,100,19.3,overcast clouds
382,Winnemucca,US,40.973,-117.7357,69.85,28,20,0.0,few clouds
383,Marsabit,KE,2.3284,37.9899,67.08,63,100,22.03,overcast clouds
384,Raga,SS,8.4596,25.678,74.03,77,100,5.77,overcast clouds
385,Ermoupolis,GR,37.4423,24.9425,80.17,61,20,14.97,few clouds
386,Vanimo,PG,-2.6741,141.3028,76.68,88,87,3.69,heavy intensity rain
387,Bandundu,CD,-3.3167,17.3667,79.75,49,49,4.68,scattered clouds
388,Aberdeen,GB,57.1437,-2.0981,57.65,62,61,11.5,broken clouds
389,Porosozero,RU,62.7191,32.727,48.7,57,7,4.85,clear sky
390,Tarusa,RU,54.7233,37.1767,57.47,78,65,6.6,broken clouds
391,Kikwit,CD,-5.041,18.8162,75.16,46,99,3.4,overcast clouds
392,Byron Bay,AU,-28.65,153.6167,52.52,63,100,8.86,overcast clouds
393,Yar-Sale,RU,66.8333,70.8333,42.82,62,49,11.63,scattered clouds
394,Kalmunai,LK,7.4167,81.8167,78.22,84,100,9.82,overcast clouds
395,Port Moresby,PG,-9.4431,147.1797,74.89,90,98,4.83,overcast clouds
396,Mujiayingzi,CN,42.1167,118.7833,47.75,79,28,5.32,scattered clouds
397,Atambua,ID,-9.1061,124.8925,71.85,90,23,4.27,few clouds
398,Geraldton,AU,-28.7667,114.6,57.61,47,0,19.57,clear sky
399,Canyon Lake,US,29.8752,-98.2625,99.99,43,5,5.01,clear sky
400,Annaberg-Buchholz,DE,50.5795,13.0063,63.88,71,77,1.01,broken clouds
401,Baturite,BR,-4.3286,-38.8847,79.57,78,42,5.64,scattered clouds
402,Skjervoy,NO,70.0311,20.9714,57.2,60,100,0.49,overcast clouds
403,Meulaboh,ID,4.1363,96.1285,74.77,89,100,5.01,overcast clouds
404,Teacapan,MX,22.55,-105.75,83.84,59,5,10.33,clear sky
405,De-Kastri,RU,51.4667,140.7833,47.26,69,80,4.36,broken clouds
406,Iwanai,JP,42.9744,140.5089,46.38,85,100,4.16,overcast clouds
407,Miles City,US,46.4083,-105.8406,58.17,88,100,11.5,overcast clouds
408,Saint-Joseph,RE,-21.3667,55.6167,71.98,77,14,9.8,few clouds
409,Aklavik,CA,68.2191,-135.0107,45.01,53,33,7.38,scattered clouds
410,Bairiki,KI,1.3292,172.9752,80.6,83,40,9.22,scattered clouds
411,Mahibadhoo,MV,3.7833,72.9667,82.24,76,98,9.78,overcast clouds
412,Pemba,MZ,-12.974,40.5178,75.31,79,1,15.01,light rain
413,Erenhot,CN,43.6475,111.9767,59.85,35,5,10.92,clear sky
414,Vodnyy,RU,63.5046,53.4095,53.8,70,18,5.08,few clouds
415,Nadvoitsy,RU,63.8667,34.3167,49.1,70,45,4.25,scattered clouds
416,Mustasaari,FI,63.1142,21.6822,55.35,47,0,8.05,clear sky
417,Rio Gallegos,AR,-51.6226,-69.2181,42.8,54,20,16.69,few clouds
418,Ekibastuz,KZ,51.6667,75.3667,59.07,42,58,10.29,broken clouds
419,Tubmanburg,LR,6.8708,-10.8172,76.41,92,97,4.9,light rain
420,Alofi,NU,-19.0595,-169.9187,71.49,94,75,1.14,broken clouds
421,Oyama,JP,36.3,139.8,63.59,93,100,6.15,overcast clouds
422,Changying,CN,52.8733,123.3213,52.57,59,17,2.28,few clouds
423,Kualakapuas,ID,-3.0091,114.3876,73.94,96,13,1.57,few clouds
424,Banda Aceh,ID,5.5577,95.3222,80.06,79,96,9.13,overcast clouds
425,Salaga,GH,8.5508,-0.5188,78.84,72,92,6.02,overcast clouds
426,Mount Isa,AU,-20.7333,139.5,58.77,55,0,10.36,clear sky
427,Rochegda,RU,62.8,43.25,46.74,97,100,4.65,overcast clouds
428,Vila Franca Do Campo,PT,37.7167,-25.4333,66.61,93,72,10.94,broken clouds
429,Shenjiamen,CN,29.9576,122.298,68.22,94,100,13.53,overcast clouds
430,Port Lincoln,AU,-34.7333,135.8667,55.47,75,99,16.89,overcast clouds
431,Marsa Matruh,EG,31.3525,27.2453,75.07,70,0,9.84,clear sky
432,Sao Miguel Do Araguaia,BR,-13.275,-50.1628,91.18,25,0,3.98,clear sky
433,Mortka,RU,59.3322,66.0214,48.9,59,44,8.55,scattered clouds
434,Shingu,JP,33.7333,135.9833,63.99,91,17,6.13,few clouds
435,Santa Rosalia,MX,27.3167,-112.2833,84.92,45,0,7.63,clear sky
436,Havre-Saint-Pierre,CA,50.2334,-63.5986,53.08,69,5,18.43,clear sky
437,Pelym,RU,61.0108,61.9978,48.58,60,13,5.5,few clouds
438,Kanigoro,ID,-8.13,112.219,72.95,95,100,2.08,overcast clouds
439,Seddon,AU,-37.8068,144.8916,48.74,81,100,4.0,overcast clouds
440,Watsa,CD,3.0372,29.5355,63.97,93,43,2.53,light rain
441,Te Anau,NZ,-45.4167,167.7167,49.42,81,100,7.02,light rain
442,Tres Passos,BR,-27.4556,-53.9319,62.17,97,100,4.7,light rain
443,Kortkeros,RU,61.8106,51.5806,55.4,89,100,1.61,light rain
444,Tahta,EG,26.7693,31.5021,91.36,19,0,8.21,clear sky
445,Voi,KE,-3.3945,38.563,68.56,80,99,8.14,overcast clouds
446,Acari,PE,-15.4311,-74.6158,77.85,53,86,7.87,overcast clouds
447,Santa Cruz,BO,-17.8,-63.1667,85.46,58,75,13.8,broken clouds
448,Kopayhorod,UA,48.8592,27.7969,59.52,75,45,6.17,scattered clouds
449,Concarneau,FR,47.875,-3.9225,61.59,91,20,11.5,few clouds
450,Neyvo-Shaytanskiy,RU,57.7286,61.2496,49.68,94,100,5.01,overcast clouds
451,Bom Sucesso,BR,-21.0331,-44.7581,72.68,43,24,5.37,few clouds
452,Vanavara,RU,60.34,102.2797,50.59,85,100,5.5,moderate rain
453,Talcahuano,CL,-36.7167,-73.1167,53.28,94,100,9.22,overcast clouds
454,Bandarbeyla,SO,9.4942,50.8122,81.61,72,100,23.06,overcast clouds
455,Faya,SA,18.3851,42.4509,68.52,30,4,0.43,clear sky
456,Barabai,ID,-2.5833,115.3833,72.41,98,51,1.66,broken clouds
457,Morondava,MG,-20.2833,44.2833,72.86,76,6,8.32,clear sky
458,Madras,IN,13.0878,80.2785,85.98,78,40,9.22,mist
459,Naqadeh,IR,36.9553,45.388,69.57,41,99,4.81,overcast clouds
460,Ferme-Neuve,CA,46.7001,-75.4493,70.79,37,100,5.66,overcast clouds
461,Boissevain,CA,49.2306,-100.0559,64.9,52,25,12.21,scattered clouds
462,Poum,NC,-20.2333,164.0167,75.74,75,90,10.6,overcast clouds
463,Ixtapa,MX,20.7,-105.2,83.43,65,0,9.22,clear sky
464,Bontang,ID,0.1333,117.5,78.35,83,60,2.28,broken clouds
465,Libreville,GA,0.3925,9.4537,76.75,85,100,9.89,light rain
466,Mount Gambier,AU,-37.8333,140.7667,47.46,82,96,12.01,light rain
467,Anadyr,RU,64.75,177.4833,41.49,100,100,2.64,overcast clouds
468,Puerto Colombia,CO,10.9878,-74.9547,86.09,71,45,6.73,scattered clouds
469,Minna,NG,9.6139,6.5569,77.43,66,7,0.98,light rain
470,Kihei,US,20.785,-156.4656,84.22,70,0,17.27,clear sky
471,Maceio,BR,-9.6658,-35.7353,78.24,73,75,11.5,broken clouds
472,Sigli,ID,5.3848,95.9609,77.27,79,92,5.46,overcast clouds
473,Wajir,KE,1.7471,40.0573,78.87,58,100,26.22,overcast clouds
474,Yeniseysk,RU,58.4497,92.1703,43.59,99,100,6.53,moderate rain
475,Dodola,ET,6.9833,39.1833,55.78,81,100,3.11,overcast clouds
476,Kruisfontein,ZA,-34.0033,24.7314,57.65,55,0,1.43,clear sky
477,Emerald,AU,-23.5333,148.1667,53.35,93,16,7.94,few clouds
478,Yerbogachen,RU,61.2767,108.0108,47.46,70,46,6.04,scattered clouds
479,Ambon,ID,-3.6954,128.1814,75.34,94,40,2.3,scattered clouds
480,Guangshui,CN,31.6199,113.9978,74.21,57,100,4.94,overcast clouds
481,Hohhot,CN,40.8106,111.6522,59.43,37,80,7.07,broken clouds
482,Acapulco,MX,16.8634,-99.8901,87.62,66,40,10.36,scattered clouds
483,Same,TZ,-4.0667,37.7333,62.35,91,84,3.15,broken clouds
484,Jiangyan,CN,32.5061,120.1428,67.77,67,100,11.65,overcast clouds
485,Putina,PE,-15.4667,-69.4333,50.25,50,39,8.81,scattered clouds
486,Tual,ID,-5.6667,132.75,82.35,74,100,6.26,overcast clouds
487,Cardston,CA,49.2,-113.3019,61.16,43,100,11.01,overcast clouds
488,Sunyani,GH,7.3399,-2.3268,71.89,94,100,5.46,overcast clouds
489,Tezu,IN,27.9167,96.1667,76.53,79,100,2.89,overcast clouds
490,Mount Pleasant,US,32.7941,-79.8626,84.31,68,0,14.97,clear sky
491,Saint Anthony,US,45.0205,-93.218,76.84,50,20,5.75,few clouds
492,Rawah,IQ,34.4816,41.9093,87.98,12,3,9.1,clear sky
493,Goma,CD,-1.6792,29.2228,62.53,84,58,3.11,broken clouds
494,Grand Gaube,MU,-20.0064,57.6608,71.38,74,3,3.0,clear sky
495,Sambava,MG,-14.2667,50.1667,71.42,87,100,12.73,light rain
496,Mocoa,CO,1.1493,-76.6466,81.45,74,75,3.15,broken clouds
497,Payson,US,40.0444,-111.7321,76.41,45,40,8.05,scattered clouds
498,Fredericksburg,US,38.3032,-77.4605,84.61,37,0,8.05,clear sky
499,Asifabad,IN,19.3667,79.2833,91.08,36,20,14.67,few clouds
500,Kamenka,RU,51.3223,42.7678,55.33,85,0,9.8,clear sky
501,Rio Grande,BR,-32.035,-52.0986,62.71,89,100,9.62,light rain
502,Omsukchan,RU,62.5333,155.8,47.14,54,0,8.57,clear sky
503,Eydhafushi,MV,5.1033,73.0708,82.56,76,100,12.28,overcast clouds
504,Volterra,IT,43.4003,10.86,72.7,73,44,3.69,scattered clouds
505,Jemnice,CZ,49.019,15.5699,66.72,78,6,1.83,clear sky
506,Camana,PE,-16.6228,-72.7111,68.58,74,78,11.72,broken clouds
507,Dali,CN,25.7,100.1833,62.76,97,100,3.49,overcast clouds
508,Mogadishu,SO,2.0371,45.3438,79.23,85,90,21.18,overcast clouds
509,Road Town,VG,18.4167,-64.6167,86.09,70,40,10.36,scattered clouds
510,Abatskoye,RU,56.2875,70.4555,49.78,84,21,6.91,few clouds
511,Nassau,US,40.7507,-73.5829,84.33,41,0,11.5,clear sky
512,Tecoanapa,MX,16.5167,-98.75,85.46,68,100,10.36,overcast clouds
513,Samana,DO,19.2056,-69.3369,93.42,70,40,9.22,scattered clouds
514,Omboue,GA,-1.5746,9.2618,75.79,84,96,6.42,overcast clouds
515,Tawau,MY,4.2498,117.8871,77.79,82,99,2.19,overcast clouds
516,Yatou,CN,37.15,122.3833,57.54,92,9,8.97,clear sky
517,Zhigansk,RU,66.7697,123.3711,57.0,79,85,6.31,overcast clouds
518,Plettenberg Bay,ZA,-34.0527,23.3716,64.76,46,1,3.65,clear sky
519,Hemnesberget,NO,66.2333,13.6333,48.58,84,100,10.51,overcast clouds
520,Ardahan,TR,41.1087,42.7022,52.86,64,71,1.14,broken clouds
521,Verkhnetulomskiy,RU,68.6073,31.7962,48.33,69,40,0.69,scattered clouds
522,Luanda,AO,-8.8368,13.2343,75.2,88,20,6.91,few clouds
523,Igarka,RU,67.4667,86.5833,36.43,52,100,3.2,overcast clouds
524,Saquarema,BR,-22.92,-42.5103,77.04,63,39,3.74,scattered clouds
525,Billings,US,45.7833,-108.5007,68.67,56,75,23.02,broken clouds
526,Richards Bay,ZA,-28.783,32.0377,62.58,78,1,7.0,clear sky
527,Sri Aman,MY,1.2376,111.4621,72.64,99,62,1.32,broken clouds
528,Chulman,RU,56.8479,124.9104,52.75,71,41,1.81,scattered clouds
529,Qunduz,AF,36.729,68.857,81.48,19,0,3.09,clear sky
530,Anda,CN,46.4,125.3167,52.52,89,100,8.75,overcast clouds
531,Kirakira,SB,-10.4544,161.9205,78.91,83,19,8.61,few clouds
532,Tall Kayf,TR,37.0833,41.0667,77.34,27,1,6.26,clear sky
533,Humberto De Campos,BR,-2.5983,-43.4611,80.53,85,17,3.38,few clouds
534,Kristiinankaupunki,FI,62.2743,21.376,49.48,68,6,7.63,clear sky
535,Husavik,IS,66.0449,-17.3389,46.13,61,86,7.31,overcast clouds
536,Irbil,IQ,36.1926,44.0106,89.42,14,9,4.61,clear sky
537,Itacarambi,BR,-15.1022,-44.0919,82.98,21,13,4.85,few clouds
538,Marfino,RU,55.7028,37.3822,60.71,67,20,8.95,few clouds
539,Coruripe,BR,-10.1256,-36.1756,76.62,74,51,12.5,broken clouds
540,Honiara,SB,-9.4333,159.95,75.2,86,7,6.58,clear sky
541,Surt,LY,31.2089,16.5887,77.88,64,0,5.41,clear sky
542,Wagar,SD,16.1525,36.2032,98.08,22,23,8.84,few clouds
543,Moron,AR,-34.6534,-58.6198,66.02,81,0,2.26,clear sky
544,La Rioja,ES,42.25,-2.5,73.18,72,40,5.14,scattered clouds
545,Am Timan,TD,11.0297,20.2827,93.27,23,5,3.89,clear sky
546,Asau,RO,46.4333,26.4,61.72,92,51,2.68,broken clouds
547,Siguiri,GN,11.6667,-9.5,94.33,25,78,4.81,broken clouds
548,Wanning,CN,18.8003,110.3967,80.92,88,100,8.55,heavy intensity rain
549,Sabla,NG,12.7525,4.7077,83.86,46,42,4.34,scattered clouds
550,Gamba,GA,-2.65,10.0,74.12,87,100,5.26,overcast clouds
551,Vetapalem,IN,15.7833,80.3167,87.19,55,100,15.14,overcast clouds
552,Vicosa,BR,-20.7539,-42.8819,74.19,48,69,7.11,broken clouds
553,Vostok,RU,46.4856,135.8833,39.58,54,4,3.67,clear sky
554,Tabou,CI,4.423,-7.3528,75.85,91,100,9.6,moderate rain
555,Chegdomyn,RU,51.1167,133.0167,48.43,71,0,2.86,clear sky
556,Katherine,AU,-14.4667,132.2667,71.92,73,83,6.91,broken clouds
557,Edd,ER,13.9297,41.6925,86.7,69,100,2.86,overcast clouds
558,Tessalit,ML,20.1986,1.0114,96.85,13,6,9.4,clear sky
559,Alta Gracia,AR,-31.6529,-64.4283,69.53,35,0,5.88,clear sky
560,Zomba,MW,-15.386,35.3188,57.24,92,87,5.01,overcast clouds
561,Capitao Poco,BR,-1.7464,-47.0594,78.42,92,100,4.83,light rain
562,Inta,RU,66.0317,60.1659,54.05,50,100,5.48,overcast clouds
563,Kedrovoye,RU,57.1576,60.5698,53.04,94,100,4.94,overcast clouds
564,Metu,ET,8.3,35.5833,57.74,97,100,3.09,overcast clouds
565,Tarrafal,CV,15.2833,-23.7667,79.59,85,6,15.95,clear sky
566,Gold Coast,AU,-28.0,153.4333,55.0,87,100,0.0,overcast clouds
567,Mulchen,CL,-37.7167,-72.2333,53.46,87,100,6.33,overcast clouds
568,Abu Samrah,SY,35.3029,37.1841,72.81,47,0,10.49,clear sky
569,Evensk,RU,61.95,159.2333,51.82,70,61,3.22,broken clouds
570,Cairns,AU,-16.9167,145.7667,75.07,97,75,9.22,broken clouds
571,Coari,BR,-4.085,-63.1414,82.96,79,57,3.0,broken clouds
572,Camacha,PT,33.0833,-16.3333,67.42,73,20,12.66,few clouds
573,Severodvinsk,RU,64.5635,39.8302,48.31,89,51,9.01,broken clouds
574,Sao Geraldo Do Araguaia,BR,-6.4006,-48.555,81.91,74,100,1.19,overcast clouds
575,Palafrugell,ES,41.9174,3.1631,77.34,54,85,12.71,overcast clouds
576,Ahipara,NZ,-35.1667,173.1667,55.38,92,60,5.7,broken clouds
577,Coihaique,CL,-45.5752,-72.0662,44.55,57,75,5.75,broken clouds
578,Vestmanna,FO,62.1564,-7.1664,52.72,76,35,8.05,scattered clouds
579,Nizwa,OM,22.9333,57.5333,86.56,33,10,7.92,clear sky
580,Ilhabela,BR,-23.7781,-45.3581,71.74,76,99,4.27,overcast clouds
581,Tungor,RU,53.3808,142.9564,48.56,75,99,4.45,overcast clouds
582,Sao Jose Da Coroa Grande,BR,-8.8978,-35.1478,76.55,84,80,15.79,broken clouds
583,Chimbote,PE,-9.0853,-78.5783,68.27,75,89,8.9,overcast clouds
584,Port-Gentil,GA,-0.7193,8.7815,76.96,88,40,9.22,scattered clouds
585,Diego De Almagro,CL,-26.3667,-70.05,73.49,23,0,9.04,clear sky
586,Fort Nelson,CA,58.8053,-122.7002,62.19,72,75,2.3,broken clouds
587,Kupang,ID,-10.1667,123.5833,77.56,87,83,8.75,broken clouds
588,Fort Myers Beach,US,26.452,-81.9481,95.05,64,0,12.66,clear sky
589,Fukumitsu,JP,36.55,136.8667,61.21,85,100,5.01,overcast clouds
590,Sechura,PE,-5.5569,-80.8222,75.88,58,66,10.67,broken clouds
591,Sur,OM,22.5667,59.5289,86.07,62,61,13.71,broken clouds
592,Genhe,CN,50.7833,121.5167,46.53,87,28,1.12,scattered clouds
593,Saint-Augustin,CA,51.226,-58.6502,59.07,40,67,8.41,broken clouds
594,Qaqortoq,GL,60.7167,-46.0333,42.04,86,100,4.63,overcast clouds
595,Staraya Russa,RU,57.9944,31.3608,51.87,64,5,3.56,clear sky
596,Sao Joao Da Barra,BR,-21.6403,-41.0511,78.89,58,10,15.3,clear sky
597,Ambatolampy,MG,-19.3833,47.4167,54.05,96,100,5.77,light rain
598,Ouallam,NE,14.3188,2.0866,91.22,33,65,19.75,broken clouds
599,Zigong,CN,29.3416,104.7769,68.43,84,100,4.16,overcast clouds
600,Bowen,AU,-20.0167,148.2333,70.11,89,100,6.67,light rain
601,Nuuk,GL,64.1835,-51.7216,48.81,40,20,24.16,few clouds
602,Selaphum,TH,16.0299,103.9383,79.66,77,100,6.89,overcast clouds
603,Sulangan,PH,11.1373,123.7228,83.66,71,50,1.12,scattered clouds
604,Roma,US,43.2128,-75.4557,79.83,45,0,11.5,clear sky
605,Dubti,ET,11.7361,41.0853,99.19,17,94,9.33,overcast clouds
606,Changping,CN,40.2186,116.2197,56.84,45,0,1.45,clear sky
607,Kieta,PG,-6.2167,155.6333,79.16,84,94,5.61,moderate rain
608,Oriximina,BR,-1.7656,-55.8661,79.09,87,100,3.56,overcast clouds
609,Acajutla,SV,13.5928,-89.8275,80.51,82,100,10.96,overcast clouds
610,Shu,KZ,43.5983,73.7614,67.19,45,100,5.19,overcast clouds
611,Chihuahua,MX,28.5,-106.0,90.43,13,0,5.55,clear sky
612,Yelovo,RU,57.0538,54.9207,56.52,85,99,4.12,overcast clouds
613,Lawrenceburg,US,38.0373,-84.8966,86.0,55,75,13.8,broken clouds
614,Bonaventure,CA,48.0457,-65.4926,68.58,63,100,5.75,overcast clouds
615,Makakilo City,US,21.3469,-158.0858,81.01,61,0,3.44,clear sky
616,Fukuma,JP,33.7667,130.4667,66.29,85,74,10.6,broken clouds
617,Laela,TZ,-8.5667,32.05,58.01,78,31,7.92,scattered clouds
618,Arroyo,ES,41.6096,-4.7969,78.15,43,0,13.8,clear sky
619,Nikki,BJ,9.9401,3.2108,77.83,61,33,4.81,scattered clouds
620,Pundaguitan,PH,6.3711,126.1689,82.49,73,53,3.83,broken clouds
621,Ixchiguan,GT,15.2,-91.8833,62.38,80,96,3.0,overcast clouds
622,Bone,DE,51.9669,12.1396,66.97,62,2,3.13,clear sky
623,Mahur,IN,25.1667,93.1167,68.38,98,100,1.66,overcast clouds
624,Carballo,ES,43.213,-8.691,67.91,73,99,5.3,overcast clouds
625,Lluta,PE,-16.0147,-72.0142,58.39,38,43,9.57,scattered clouds
626,Nador,MA,35.174,-2.9287,80.67,68,0,4.61,clear sky
627,Beira,MZ,-19.8436,34.8389,71.69,78,75,18.41,light intensity drizzle
628,Matara,LK,5.9485,80.5353,76.71,92,100,9.06,overcast clouds
629,Oia,PT,40.5426,-8.5386,71.38,81,98,3.0,overcast clouds
630,Terney,RU,45.0503,136.6092,44.74,63,49,6.8,scattered clouds
631,Christchurch,NZ,-43.5333,172.6333,53.91,79,9,8.05,clear sky
632,Carauari,BR,-4.8828,-66.8958,82.44,82,64,4.12,broken clouds
633,Teixeira,BR,-7.2228,-37.2542,70.99,74,97,12.39,overcast clouds
634,Grindavik,IS,63.8424,-22.4338,53.55,87,75,16.11,broken clouds
635,Zima,RU,53.9202,102.0442,44.74,93,100,8.7,light rain
636,Tutoia,BR,-2.7619,-42.2744,79.61,85,36,1.25,light rain
637,Jiayuguan,CN,39.8167,98.3,64.94,17,0,8.16,clear sky
638,Napasar,IN,27.9667,73.55,93.07,18,3,15.08,clear sky
639,Dukat,RU,62.55,155.55,44.76,57,0,8.43,clear sky
640,Fasa,IR,28.9383,53.6482,76.24,19,0,4.61,clear sky
641,Tazmalt,DZ,36.3868,4.3989,83.34,50,100,5.7,overcast clouds
642,Thanh Hoa,VN,19.8,105.7667,78.85,91,100,2.21,light rain
643,Galesburg,US,40.9478,-90.3712,82.98,57,75,3.44,broken clouds
644,Harper,LR,4.375,-7.7169,75.97,91,100,9.26,moderate rain
645,Khandagayty,RU,50.7333,92.05,43.77,45,39,2.15,scattered clouds
646,Mitu,CO,1.1983,-70.1733,83.77,70,93,2.33,overcast clouds
647,Shipunovo,RU,52.1582,82.2173,46.72,63,99,3.94,overcast clouds
648,Boddam,GB,57.4667,-1.7833,55.78,83,17,14.43,few clouds
649,Tuatapere,NZ,-46.1333,167.6833,47.43,77,100,5.97,overcast clouds
650,Matamoros,MX,25.5333,-103.25,96.91,16,20,0.0,few clouds
651,Turukhansk,RU,65.8167,87.9833,35.37,57,15,2.24,few clouds
652,Coaldale,CA,49.7167,-112.6185,70.79,37,75,8.05,broken clouds
653,Tanout,NE,14.9709,8.8879,86.09,30,98,3.74,overcast clouds
654,Togur,RU,58.3631,82.8265,41.49,81,100,5.19,overcast clouds
655,Trinidad,BO,-14.8333,-64.9,87.78,55,40,13.8,scattered clouds
656,Mkushi,ZM,-13.6202,29.3939,58.21,65,86,9.64,overcast clouds
657,Jinchang,CN,38.4953,102.1739,69.67,31,100,8.1,overcast clouds
658,Santa Maria,BR,-29.6842,-53.8069,65.5,100,100,3.44,moderate rain
659,Ermelo,ZA,-26.5333,29.9833,44.83,79,0,2.75,clear sky
660,Wajima,JP,37.4,136.9,61.65,85,97,17.43,overcast clouds
661,Yazoo City,US,32.8551,-90.4056,88.7,51,96,9.26,overcast clouds
662,Jining,CN,35.405,116.5814,65.46,50,0,6.02,clear sky
663,Griffith,US,41.5284,-87.4237,76.3,91,100,4.61,overcast clouds
664,Simiti,CO,7.9579,-73.9436,90.07,60,48,3.56,scattered clouds
665,Astoria,US,46.1879,-123.8313,60.69,66,100,6.91,overcast clouds
666,Blackwater,AU,-23.5833,148.8833,56.8,74,4,4.5,clear sky
667,Ust-Ishim,RU,57.6935,71.1665,49.96,67,92,5.61,overcast clouds
